<?xml version="1.0" encoding="UTF-8"?>

<personDictDTO mode="Rewrite">
	<Person>
		<Code>001</Code>
		<LastName>Суворов</LastName>
		<FirstName>Владлен</FirstName>
		<MiddleName>Ростиславович</MiddleName>
		<Birthday>01/22/1982</Birthday>
	</Person>
	<Person>
		<Code>002</Code>
		<LastName>Рыбаков</LastName>
		<FirstName>Адриан</FirstName>
		<MiddleName>Васильевич</MiddleName>
		<Birthday>06/25/1984</Birthday>
	</Person>
	<Person>
		<Code>004</Code>
		<LastName>Романов</LastName>
		<FirstName>Карл</FirstName>
		<MiddleName>Олегович</MiddleName>
		<Birthday>03/26/1990</Birthday>
	</Person>
	<Person>
		<Code>005</Code>
		<LastName>Хохлов</LastName>
		<FirstName>Елисей</FirstName>
		<MiddleName>Ростиславович</MiddleName>
		<Birthday>07/30/1982</Birthday>
	</Person>
	<Person>
		<Code>006</Code>
		<LastName>Исаков</LastName>
		<FirstName>Тимофей</FirstName>
		<MiddleName>Вениаминович</MiddleName>
		<Birthday>09/25/1982</Birthday>
	</Person>
	<Person>
		<Code>007</Code>
		<LastName>Одинцов</LastName>
		<FirstName>Исак</FirstName>
		<MiddleName>Робертович</MiddleName>
		<Birthday>08/01/1984</Birthday>
	</Person>
	<Person>
		<Code>008</Code>
		<LastName>Николаев</LastName>
		<FirstName>Юстиниан</FirstName>
		<MiddleName>Никитевич</MiddleName>
		<Birthday>08/09/1987</Birthday>
	</Person>
	<Person>
		<Code>009</Code>
		<LastName>Комаров</LastName>
		<FirstName>Юрий</FirstName>
		<MiddleName>Федорович</MiddleName>
		<Birthday>03/12/1988</Birthday>
	</Person>
	<Person>
		<Code>010</Code>
		<LastName>Мельников</LastName>
		<FirstName>Платон</FirstName>
		<MiddleName>Натанович</MiddleName>
		<Birthday>05/01/1984</Birthday>
	</Person>
</personDictDTO>
